filename,width,height,class,xmin,ymin,xmax,ymax
cafo_0001.png,2000,2000,cafo,1270,990,1509,1190
cafo_0002.png,2000,2000,cafo,838,706,1183,910
cafo_0002.png,2000,2000,cafo,726,1366,928,1455
cafo_0002.png,2000,2000,cafo,717,1422,916,1519
cafo_0003.png,2000,2000,cafo,952,634,1131,785
cafo_0003.png,2000,2000,cafo,1295,1079,1381,1158
img_0_2000.jpg,816,1056,cafo,686,491,815,628
img_0_3000.jpg,816,1056,cafo,592,507,697,596
img_100_2000.jpg,816,1056,cafo,753,84,781,149
img_100_3000.jpg,816,1056,cafo,677,663,733,702
img_100_3000.jpg,816,1056,cafo,639,234,661,275
img_101_2000.jpg,816,1056,cafo,139,416,183,468
img_101_3000.jpg,816,1056,cafo,230,455,258,488
img_102_3000.jpg,816,1056,cafo,655,901,728,931
img_103_1000.jpg,816,1056,cafo,495,159,669,294
img_103_1000.jpg,816,1056,cafo,450,70,630,197
img_103_1000.jpg,816,1056,cafo,407,1,581,106
img_103_2000.jpg,816,1056,cafo,271,255,339,327
img_103_2000.jpg,816,1056,cafo,403,247,493,308
img_103_2000.jpg,816,1056,cafo,432,298,518,357
img_103_2000.jpg,816,1056,cafo,450,344,538,412
img_103_3000.jpg,816,1056,cafo,316,343,361,395
img_103_3000.jpg,816,1056,cafo,405,339,463,384
img_103_3000.jpg,816,1056,cafo,423,372,483,414
img_103_3000.jpg,816,1056,cafo,437,406,494,450
img_104_2000.jpg,816,1056,cafo,729,548,811,631
img_104_3000.jpg,816,1056,cafo,626,538,685,594
img_104_3000.jpg,816,1056,cafo,763,450,814,503
img_105_1000.jpg,816,1056,cafo,120,596,216,849
img_105_1000.jpg,816,1056,cafo,239,736,324,950
img_105_1000.jpg,816,1056,cafo,87,441,299,535
img_105_2000.jpg,816,1056,cafo,93,513,174,555
img_105_2000.jpg,816,1056,cafo,44,578,127,625
img_105_2000.jpg,816,1056,cafo,267,562,313,690
img_105_2000.jpg,816,1056,cafo,324,633,367,739
img_105_2000.jpg,816,1056,cafo,27,451,109,510
img_105_2000.jpg,816,1056,cafo,248,482,353,534
img_105_3000.jpg,816,1056,cafo,314,549,346,636
img_105_3000.jpg,816,1056,cafo,353,597,380,668
img_105_3000.jpg,816,1056,cafo,165,562,219,591
img_105_3000.jpg,816,1056,cafo,79,497,149,537
img_105_3000.jpg,816,1056,cafo,82,539,141,580
img_105_3000.jpg,816,1056,cafo,189,518,254,547
img_105_3000.jpg,816,1056,cafo,154,473,209,520
img_105_3000.jpg,816,1056,cafo,299,497,373,531
img_106_1000.jpg,816,1056,cafo,490,155,590,313
img_106_1000.jpg,816,1056,cafo,321,56,461,265
img_106_1000.jpg,816,1056,cafo,645,293,811,428
img_106_2000.jpg,816,1056,cafo,364,289,432,400
img_106_2000.jpg,816,1056,cafo,451,318,498,425
img_106_2000.jpg,816,1056,cafo,523,409,618,476
img_106_3000.jpg,816,1056,cafo,377,368,426,438
img_106_3000.jpg,816,1056,cafo,435,386,469,461
img_106_3000.jpg,816,1056,cafo,484,450,548,495
img_107_1000.jpg,816,1056,cafo,541,466,666,657
img_107_2000.jpg,816,1056,cafo,477,497,538,590
img_107_3000.jpg,816,1056,cafo,452,509,495,572
img_108_1000.jpg,816,1056,cafo,292,353,452,471
img_108_2000.jpg,816,1056,cafo,349,440,431,497
img_108_3000.jpg,816,1056,cafo,369,471,421,510
img_109_2000.jpg,816,1056,cafo,478,872,563,971
img_109_2000.jpg,816,1056,cafo,549,796,608,851
img_109_3000.jpg,816,1056,cafo,455,757,510,820
img_109_3000.jpg,816,1056,cafo,501,707,540,745
img_10_1000.jpg,816,1056,cafo,500,681,651,744
img_10_2000.jpg,816,1056,cafo,591,563,637,631
img_10_2000.jpg,816,1056,cafo,455,605,528,637
img_10_3000.jpg,816,1056,cafo,439,578,489,600
img_10_3000.jpg,816,1056,cafo,531,553,558,595
img_110_1000.jpg,816,1056,cafo,472,352,633,516
img_110_2000.jpg,816,1056,cafo,439,438,519,527
img_110_3000.jpg,816,1056,cafo,429,464,482,526
img_111_2000.jpg,816,1056,cafo,610,457,656,530
img_111_3000.jpg,816,1056,cafo,539,478,576,531
img_112_1000.jpg,816,1056,cafo,104,358,284,449
img_112_1000.jpg,816,1056,cafo,65,547,156,708
img_112_2000.jpg,816,1056,cafo,256,443,352,486
img_112_2000.jpg,816,1056,cafo,234,534,280,620
img_112_3000.jpg,816,1056,cafo,302,470,368,501
img_112_3000.jpg,816,1056,cafo,292,533,324,594
img_113_1000.jpg,816,1056,cafo,263,434,548,565
img_113_2000.jpg,816,1056,cafo,330,475,480,551
img_113_2000.jpg,816,1056,cafo,638,495,755,533
img_113_3000.jpg,816,1056,cafo,357,490,455,546
img_113_3000.jpg,816,1056,cafo,549,498,642,536
img_115_1000.jpg,816,1056,cafo,202,282,685,1008
img_115_2000.jpg,816,1056,cafo,305,400,529,770
img_115_3000.jpg,816,1056,cafo,343,447,479,688
img_116_2000.jpg,816,1056,cafo,219,815,354,861
img_116_3000.jpg,816,1056,cafo,279,719,373,751
img_118_1000.jpg,816,1056,cafo,136,216,468,543
img_118_2000.jpg,816,1056,cafo,281,376,438,532
img_118_3000.jpg,816,1056,cafo,327,426,432,531
img_119_1000.jpg,816,1056,cafo,348,545,443,610
img_119_1000.jpg,816,1056,cafo,506,607,627,684
img_119_1000.jpg,816,1056,cafo,670,662,801,740
img_119_2000.jpg,816,1056,cafo,374,531,429,568
img_119_2000.jpg,816,1056,cafo,454,569,520,606
img_119_2000.jpg,816,1056,cafo,538,595,607,637
img_119_2000.jpg,816,1056,cafo,626,613,691,648
img_119_2000.jpg,816,1056,cafo,104,501,230,595
img_119_3000.jpg,816,1056,cafo,206,509,292,571
img_119_3000.jpg,816,1056,cafo,59,519,97,563
img_119_3000.jpg,816,1056,cafo,389,532,421,557
img_119_3000.jpg,816,1056,cafo,439,552,484,580
img_119_3000.jpg,816,1056,cafo,493,570,539,600
img_119_3000.jpg,816,1056,cafo,553,585,596,608
img_11_2000.jpg,816,1056,cafo,536,87,596,175
img_11_2000.jpg,816,1056,cafo,596,181,668,291
img_11_3000.jpg,816,1056,cafo,492,235,534,290
img_11_3000.jpg,816,1056,cafo,533,296,581,370
img_120_1000.jpg,816,1056,cafo,593,163,767,330
img_120_2000.jpg,816,1056,cafo,504,344,592,430
img_120_3000.jpg,816,1056,cafo,468,407,528,464
img_121_1000.jpg,816,1056,cafo,440,459,541,608
img_121_1000.jpg,816,1056,cafo,211,231,372,389
img_121_2000.jpg,816,1056,cafo,306,377,384,459
img_121_2000.jpg,816,1056,cafo,427,489,476,565
img_121_2000.jpg,816,1056,cafo,115,191,188,266
img_121_3000.jpg,816,1056,cafo,213,298,257,353
img_121_3000.jpg,816,1056,cafo,339,428,406,487
img_121_3000.jpg,816,1056,cafo,417,500,457,556
img_122_1000.jpg,816,1056,cafo,281,1,596,188
img_122_2000.jpg,816,1056,cafo,334,109,507,362
img_122_3000.jpg,816,1056,cafo,366,251,476,419
img_123_1000.jpg,816,1056,cafo,455,370,608,526
img_123_2000.jpg,816,1056,cafo,423,447,509,521
img_123_3000.jpg,816,1056,cafo,419,468,474,527
img_124_1000.jpg,816,1056,cafo,381,10,561,366
img_124_2000.jpg,816,1056,cafo,377,282,479,433
img_124_3000.jpg,816,1056,cafo,394,360,459,465
img_127_1000.jpg,816,1056,cafo,181,526,377,662
img_127_2000.jpg,816,1056,cafo,292,526,391,595
img_127_2000.jpg,816,1056,cafo,138,503,197,552
img_127_3000.jpg,816,1056,cafo,223,513,269,547
img_127_3000.jpg,816,1056,cafo,328,525,399,574
img_128_1000.jpg,816,1056,cafo,127,283,758,972
img_128_2000.jpg,816,1056,cafo,284,420,592,753
img_128_2000.jpg,816,1056,cafo,651,595,816,753
img_128_3000.jpg,816,1056,cafo,334,456,531,684
img_128_3000.jpg,816,1056,cafo,574,571,796,686
img_129_1000.jpg,816,1056,cafo,469,405,635,633
img_129_1000.jpg,816,1056,cafo,295,555,463,669
img_129_1000.jpg,816,1056,cafo,681,859,816,999
img_129_2000.jpg,816,1056,cafo,443,476,524,581
img_129_2000.jpg,816,1056,cafo,343,540,433,593
img_129_2000.jpg,816,1056,cafo,551,693,617,764
img_129_3000.jpg,816,1056,cafo,367,533,423,573
img_129_3000.jpg,816,1056,cafo,432,490,492,570
img_129_3000.jpg,816,1056,cafo,504,636,546,687
img_12_1000.jpg,816,1056,cafo,145,726,304,841
img_12_2000.jpg,816,1056,cafo,274,633,356,685
img_12_3000.jpg,816,1056,cafo,318,600,373,634
img_130_1000.jpg,816,1056,cafo,177,476,276,638
img_130_1000.jpg,816,1056,cafo,82,656,227,823
img_130_1000.jpg,816,1056,cafo,301,209,489,410
img_130_2000.jpg,816,1056,cafo,356,373,448,468
img_130_2000.jpg,816,1056,cafo,288,498,340,586
img_130_2000.jpg,816,1056,cafo,247,595,316,680
img_130_2000.jpg,816,1056,cafo,673,298,816,366
img_130_3000.jpg,816,1056,cafo,299,571,346,630
img_130_3000.jpg,816,1056,cafo,332,510,363,568
img_130_3000.jpg,816,1056,cafo,370,419,440,493
img_130_3000.jpg,816,1056,cafo,586,370,707,424
img_131_1000.jpg,816,1056,cafo,679,625,791,876
img_131_2000.jpg,816,1056,cafo,544,575,654,702
img_131_3000.jpg,816,1056,cafo,499,557,572,639
img_132_1000.jpg,816,1056,cafo,416,408,551,494
img_132_2000.jpg,816,1056,cafo,109,420,215,482
img_132_2000.jpg,816,1056,cafo,74,252,172,311
img_132_2000.jpg,816,1056,cafo,411,466,482,512
img_132_3000.jpg,816,1056,cafo,189,347,254,386
img_132_3000.jpg,816,1056,cafo,209,456,277,498
img_132_3000.jpg,816,1056,cafo,403,486,459,516
img_133_2000.jpg,816,1056,cafo,514,393,630,566
img_133_3000.jpg,816,1056,cafo,481,437,557,557
img_134_1000.jpg,816,1056,cafo,461,786,619,893
img_134_2000.jpg,816,1056,cafo,433,651,513,710
img_134_3000.jpg,816,1056,cafo,426,613,477,649
img_135_1000.jpg,816,1056,cafo,342,659,488,815
img_135_2000.jpg,816,1056,cafo,378,596,440,662
img_135_3000.jpg,816,1056,cafo,388,572,430,618
img_136_1000.jpg,816,1056,cafo,421,206,494,318
img_136_1000.jpg,816,1056,cafo,57,638,227,751
img_136_2000.jpg,816,1056,cafo,233,581,315,637
img_136_2000.jpg,816,1056,cafo,414,360,453,427
img_136_3000.jpg,816,1056,cafo,288,563,352,597
img_136_3000.jpg,816,1056,cafo,413,422,436,459
img_137_1000.jpg,816,1056,cafo,331,768,661,944
img_137_1000.jpg,816,1056,cafo,476,616,570,685
img_137_2000.jpg,816,1056,cafo,441,565,491,608
img_137_2000.jpg,816,1056,cafo,368,662,504,740
img_137_3000.jpg,816,1056,cafo,385,619,467,669
img_137_3000.jpg,816,1056,cafo,430,555,466,581
img_138_1000.jpg,816,1056,cafo,284,377,493,565
img_138_1000.jpg,816,1056,cafo,445,368,588,531
img_138_1000.jpg,816,1056,cafo,132,398,257,508
img_138_1000.jpg,816,1056,cafo,239,553,386,676
img_138_2000.jpg,816,1056,cafo,347,457,452,551
img_138_2000.jpg,816,1056,cafo,428,447,498,528
img_138_2000.jpg,816,1056,cafo,323,537,395,605
img_138_2000.jpg,816,1056,cafo,274,461,331,520
img_138_3000.jpg,816,1056,cafo,368,475,439,541
img_138_3000.jpg,816,1056,cafo,419,473,470,531
img_138_3000.jpg,816,1056,cafo,349,534,406,578
img_138_3000.jpg,816,1056,cafo,320,484,353,524
img_139_1000.jpg,816,1056,cafo,524,613,777,795
img_139_1000.jpg,816,1056,cafo,611,788,707,913
img_139_2000.jpg,816,1056,cafo,471,569,595,659
img_139_2000.jpg,816,1056,cafo,509,661,557,713
img_139_3000.jpg,816,1056,cafo,451,559,534,618
img_139_3000.jpg,816,1056,cafo,477,616,507,657
img_13_2000.jpg,816,1056,cafo,616,663,668,721
img_13_3000.jpg,816,1056,cafo,545,616,581,658
img_140_1000.jpg,816,1056,cafo,144,365,386,587
img_140_2000.jpg,816,1056,cafo,286,448,404,562
img_140_3000.jpg,816,1056,cafo,327,472,404,550
img_141_1000.jpg,816,1056,cafo,45,366,392,569
img_141_1000.jpg,816,1056,cafo,166,258,346,364
img_141_2000.jpg,816,1056,cafo,288,391,384,445
img_141_2000.jpg,816,1056,cafo,219,444,407,545
img_141_3000.jpg,816,1056,cafo,283,472,411,544
img_141_3000.jpg,816,1056,cafo,322,433,393,475
img_142_1000.jpg,816,1056,cafo,532,416,594,552
img_142_1000.jpg,816,1056,cafo,591,731,695,876
img_142_2000.jpg,816,1056,cafo,467,472,506,546
img_142_2000.jpg,816,1056,cafo,501,625,556,703
img_142_2000.jpg,816,1056,cafo,614,134,696,160
img_142_2000.jpg,816,1056,cafo,693,138,776,166
img_142_2000.jpg,816,1056,cafo,680,75,772,144
img_142_2000.jpg,816,1056,cafo,649,16,784,56
img_142_3000.jpg,816,1056,cafo,444,489,473,538
img_142_3000.jpg,816,1056,cafo,469,594,507,646
img_142_3000.jpg,816,1056,cafo,567,185,664,216
img_142_3000.jpg,816,1056,cafo,667,195,730,222
img_142_3000.jpg,816,1056,cafo,591,234,655,270
img_142_3000.jpg,816,1056,cafo,598,269,658,284
img_142_3000.jpg,816,1056,cafo,549,263,601,285
img_143_1000.jpg,816,1056,cafo,490,634,602,721
img_143_1000.jpg,816,1056,cafo,251,458,353,560
img_143_2000.jpg,816,1056,cafo,447,577,505,628
img_143_2000.jpg,816,1056,cafo,329,487,379,545
img_143_3000.jpg,816,1056,cafo,357,503,389,537
img_143_3000.jpg,816,1056,cafo,438,562,472,593
img_144_1000.jpg,816,1056,cafo,397,96,532,285
img_144_1000.jpg,816,1056,cafo,477,259,576,363
img_144_1000.jpg,816,1056,cafo,520,633,668,707
img_144_1000.jpg,816,1056,cafo,114,99,206,220
img_144_1000.jpg,816,1056,cafo,1,432,257,650
img_144_2000.jpg,816,1056,cafo,170,482,335,596
img_144_2000.jpg,816,1056,cafo,266,314,305,374
img_144_2000.jpg,816,1056,cafo,407,312,494,450
img_144_2000.jpg,816,1056,cafo,467,585,539,613
img_144_3000.jpg,816,1056,cafo,403,383,465,478
img_144_3000.jpg,816,1056,cafo,446,563,496,587
img_144_3000.jpg,816,1056,cafo,248,498,366,571
img_144_3000.jpg,816,1056,cafo,309,383,342,428
img_145_3000.jpg,816,1056,cafo,730,701,789,756
img_146_1000.jpg,816,1056,cafo,381,749,555,895
img_146_1000.jpg,816,1056,cafo,532,823,621,956
img_146_1000.jpg,816,1056,cafo,656,896,794,1020
img_146_1000.jpg,816,1056,cafo,470,615,616,750
img_146_2000.jpg,816,1056,cafo,439,566,513,639
img_146_2000.jpg,816,1056,cafo,379,640,481,715
img_146_2000.jpg,816,1056,cafo,468,676,515,743
img_146_2000.jpg,816,1056,cafo,533,712,598,773
img_146_3000.jpg,816,1056,cafo,390,599,460,652
img_146_3000.jpg,816,1056,cafo,449,626,478,671
img_146_3000.jpg,816,1056,cafo,424,559,478,602
img_146_3000.jpg,816,1056,cafo,489,652,535,693
img_147_1000.jpg,816,1056,cafo,370,465,521,538
img_147_1000.jpg,816,1056,cafo,427,251,704,318
img_147_1000.jpg,816,1056,cafo,729,274,816,337
img_147_1000.jpg,816,1056,cafo,497,390,683,537
img_147_2000.jpg,816,1056,cafo,415,391,558,424
img_147_2000.jpg,816,1056,cafo,569,400,660,436
img_147_2000.jpg,816,1056,cafo,451,444,544,513
img_147_2000.jpg,816,1056,cafo,460,510,547,533
img_147_2000.jpg,816,1056,cafo,379,494,468,538
img_147_3000.jpg,816,1056,cafo,411,424,509,461
img_147_3000.jpg,816,1056,cafo,515,440,574,471
img_147_3000.jpg,816,1056,cafo,430,476,503,516
img_147_3000.jpg,816,1056,cafo,391,507,446,531
img_147_3000.jpg,816,1056,cafo,441,516,502,534
img_148_1000.jpg,816,1056,cafo,639,1,728,149
img_148_1000.jpg,816,1056,cafo,541,205,690,314
img_148_2000.jpg,816,1056,cafo,524,245,572,341
img_148_2000.jpg,816,1056,cafo,469,368,547,425
img_148_3000.jpg,816,1056,cafo,485,338,522,401
img_148_3000.jpg,816,1056,cafo,449,419,504,462
img_149_1000.jpg,816,1056,cafo,380,739,492,865
img_149_1000.jpg,816,1056,cafo,339,1,485,111
img_149_2000.jpg,816,1056,cafo,370,244,446,319
img_149_2000.jpg,816,1056,cafo,385,630,449,696
img_149_3000.jpg,816,1056,cafo,383,335,430,391
img_149_3000.jpg,816,1056,cafo,395,600,436,643
img_150_1000.jpg,816,1056,cafo,290,451,410,595
img_150_1000.jpg,816,1056,cafo,382,293,542,439
img_150_1000.jpg,816,1056,cafo,430,501,566,619
img_150_2000.jpg,816,1056,cafo,344,483,409,564
img_150_2000.jpg,816,1056,cafo,424,510,484,575
img_150_2000.jpg,816,1056,cafo,390,406,484,489
img_150_3000.jpg,816,1056,cafo,370,498,409,552
img_150_3000.jpg,816,1056,cafo,414,516,460,560
img_150_3000.jpg,816,1056,cafo,397,450,456,498
img_151_1000.jpg,816,1056,cafo,386,323,515,421
img_151_1000.jpg,816,1056,cafo,449,415,577,513
img_151_1000.jpg,816,1056,cafo,539,1,669,124
img_151_2000.jpg,816,1056,cafo,392,424,464,475
img_151_2000.jpg,816,1056,cafo,424,474,494,521
img_151_2000.jpg,816,1056,cafo,478,262,538,324
img_151_3000.jpg,816,1056,cafo,452,349,494,391
img_151_3000.jpg,816,1056,cafo,398,456,444,489
img_151_3000.jpg,816,1056,cafo,419,493,467,522
img_152_2000.jpg,816,1056,cafo,166,307,236,380
img_152_3000.jpg,816,1056,cafo,245,380,291,432
img_153_1000.jpg,816,1056,cafo,381,526,554,581
img_153_1000.jpg,816,1056,cafo,381,486,493,530
img_153_1000.jpg,816,1056,cafo,492,285,645,388
img_153_1000.jpg,816,1056,cafo,592,585,674,666
img_153_2000.jpg,816,1056,cafo,449,406,529,456
img_153_2000.jpg,816,1056,cafo,391,505,451,532
img_153_2000.jpg,816,1056,cafo,392,524,484,559
img_153_2000.jpg,816,1056,cafo,499,555,543,595
img_153_3000.jpg,816,1056,cafo,399,511,433,532
img_153_3000.jpg,816,1056,cafo,399,526,461,551
img_153_3000.jpg,816,1056,cafo,435,446,489,483
img_153_3000.jpg,816,1056,cafo,469,545,496,577
img_154_2000.jpg,816,1056,cafo,423,24,607,225
img_154_3000.jpg,816,1056,cafo,416,193,545,324
img_155_1000.jpg,816,1056,cafo,273,361,371,520
img_155_2000.jpg,816,1056,cafo,338,441,391,523
img_155_3000.jpg,816,1056,cafo,360,470,397,526
img_156_2000.jpg,816,1056,cafo,135,451,229,527
img_156_3000.jpg,816,1056,cafo,228,477,294,527
img_156_3000.jpg,816,1056,cafo,90,473,141,530
img_157_1000.jpg,816,1056,cafo,493,111,602,253
img_157_1000.jpg,816,1056,cafo,2,150,110,232
img_157_1000.jpg,816,1056,cafo,173,223,303,333
img_157_2000.jpg,816,1056,cafo,204,338,257,380
img_157_2000.jpg,816,1056,cafo,290,372,356,434
img_157_2000.jpg,816,1056,cafo,449,316,505,391
img_157_2000.jpg,816,1056,cafo,15,109,80,161
img_157_3000.jpg,816,1056,cafo,144,246,189,282
img_157_3000.jpg,816,1056,cafo,193,80,234,115
img_157_3000.jpg,816,1056,cafo,270,400,309,430
img_157_3000.jpg,816,1056,cafo,329,424,371,460
img_157_3000.jpg,816,1056,cafo,434,389,472,439
img_158_1000.jpg,816,1056,cafo,576,431,709,574
img_158_1000.jpg,816,1056,cafo,432,538,561,676
img_158_2000.jpg,816,1056,cafo,417,533,481,598
img_158_2000.jpg,816,1056,cafo,490,475,561,550
img_158_3000.jpg,816,1056,cafo,413,531,460,577
img_158_3000.jpg,816,1056,cafo,464,491,511,544
img_159_1000.jpg,816,1056,cafo,694,324,816,434
img_159_2000.jpg,816,1056,cafo,554,426,617,474
img_159_3000.jpg,816,1056,cafo,505,459,551,491
img_15_1000.jpg,816,1056,cafo,276,324,416,480
img_15_1000.jpg,816,1056,cafo,315,705,382,840
img_15_2000.jpg,816,1056,cafo,344,425,416,509
img_15_2000.jpg,816,1056,cafo,360,616,403,688
img_15_3000.jpg,816,1056,cafo,365,456,410,514
img_15_3000.jpg,816,1056,cafo,373,584,404,635
img_160_1000.jpg,816,1056,cafo,22,246,193,420
img_160_1000.jpg,816,1056,cafo,1,214,136,395
img_160_1000.jpg,816,1056,cafo,440,478,532,641
img_160_2000.jpg,816,1056,cafo,183,370,276,465
img_160_2000.jpg,816,1056,cafo,215,386,301,474
img_160_2000.jpg,816,1056,cafo,152,364,226,440
img_160_2000.jpg,816,1056,cafo,119,335,195,414
img_160_3000.jpg,816,1056,cafo,218,401,264,451
img_160_3000.jpg,816,1056,cafo,236,419,288,469
img_160_3000.jpg,816,1056,cafo,254,425,317,487
img_160_3000.jpg,816,1056,cafo,280,433,336,493
img_161_1000.jpg,816,1056,cafo,416,569,714,710
img_161_2000.jpg,816,1056,cafo,416,549,539,615
img_161_2000.jpg,816,1056,cafo,407,756,477,808
img_161_3000.jpg,816,1056,cafo,414,534,492,583
img_161_3000.jpg,816,1056,cafo,408,678,459,715
img_162_1000.jpg,816,1056,cafo,187,475,392,708
img_162_2000.jpg,816,1056,cafo,298,499,400,623
img_162_3000.jpg,816,1056,cafo,333,511,405,594
img_163_1000.jpg,816,1056,cafo,30,438,204,527
img_163_1000.jpg,816,1056,cafo,105,125,244,212
img_163_1000.jpg,816,1056,cafo,63,239,216,344
img_163_2000.jpg,816,1056,cafo,257,327,331,370
img_163_2000.jpg,816,1056,cafo,239,385,308,437
img_163_2000.jpg,816,1056,cafo,170,419,239,508
img_163_2000.jpg,816,1056,cafo,221,484,306,532
img_163_3000.jpg,816,1056,cafo,303,390,356,421
img_163_3000.jpg,816,1056,cafo,292,434,344,466
img_163_3000.jpg,816,1056,cafo,248,456,295,514
img_163_3000.jpg,816,1056,cafo,280,495,341,531
img_164_1000.jpg,816,1056,cafo,409,537,574,649
img_164_1000.jpg,816,1056,cafo,105,372,293,474
img_164_1000.jpg,816,1056,cafo,705,125,816,295
img_164_2000.jpg,816,1056,cafo,408,534,494,588
img_164_2000.jpg,816,1056,cafo,264,448,354,495
img_164_2000.jpg,816,1056,cafo,558,327,651,422
img_164_3000.jpg,816,1056,cafo,506,395,573,459
img_164_3000.jpg,816,1056,cafo,406,530,464,569
img_164_3000.jpg,816,1056,cafo,311,478,370,508
img_165_1000.jpg,816,1056,cafo,292,269,369,437
img_165_1000.jpg,816,1056,cafo,274,101,403,233
img_165_1000.jpg,816,1056,cafo,213,696,316,799
img_165_2000.jpg,816,1056,cafo,353,396,387,487
img_165_2000.jpg,816,1056,cafo,345,315,407,378
img_165_2000.jpg,816,1056,cafo,305,612,369,664
img_165_3000.jpg,816,1056,cafo,341,583,381,618
img_165_3000.jpg,816,1056,cafo,367,441,398,500
img_165_3000.jpg,816,1056,cafo,369,386,407,428
img_165_3000.jpg,816,1056,cafo,390,333,423,374
img_166_1000.jpg,816,1056,cafo,279,489,419,715
img_166_1000.jpg,816,1056,cafo,556,405,690,591
img_166_1000.jpg,816,1056,cafo,488,662,620,809
img_166_1000.jpg,816,1056,cafo,715,19,816,152
img_166_2000.jpg,816,1056,cafo,556,269,624,340
img_166_2000.jpg,816,1056,cafo,478,469,550,552
img_166_2000.jpg,816,1056,cafo,445,596,519,669
img_166_2000.jpg,816,1056,cafo,341,509,409,624
img_166_3000.jpg,816,1056,cafo,366,511,411,593
img_166_3000.jpg,816,1056,cafo,455,488,504,544
img_166_3000.jpg,816,1056,cafo,432,574,480,621
img_166_3000.jpg,816,1056,cafo,506,355,556,403
img_167_1000.jpg,816,1056,cafo,225,599,352,721
img_167_2000.jpg,816,1056,cafo,314,566,381,622
img_167_3000.jpg,816,1056,cafo,346,556,388,590
img_16_1000.jpg,816,1056,cafo,429,550,651,787
img_16_2000.jpg,816,1056,cafo,418,540,542,660
img_16_3000.jpg,816,1056,cafo,407,534,495,619
img_17_1000.jpg,816,1056,cafo,395,724,619,891
img_17_1000.jpg,816,1056,cafo,454,612,601,715
img_17_1000.jpg,816,1056,cafo,527,670,616,788
img_17_2000.jpg,816,1056,cafo,430,571,500,622
img_17_2000.jpg,816,1056,cafo,467,597,514,661
img_17_2000.jpg,816,1056,cafo,415,645,504,710
img_17_3000.jpg,816,1056,cafo,412,605,476,650
img_17_3000.jpg,816,1056,cafo,445,572,480,622
img_17_3000.jpg,816,1056,cafo,420,557,471,591
img_18_1000.jpg,816,1056,cafo,9,238,112,374
img_18_2000.jpg,816,1056,cafo,208,378,268,448
img_18_2000.jpg,816,1056,cafo,104,398,166,446
img_18_2000.jpg,816,1056,cafo,41,332,108,390
img_18_2000.jpg,816,1056,cafo,207,290,270,345
img_18_2000.jpg,816,1056,cafo,157,208,187,250
img_18_2000.jpg,816,1056,cafo,200,256,230,295
img_18_3000.jpg,816,1056,cafo,279,366,315,403
img_18_3000.jpg,816,1056,cafo,242,318,265,345
img_18_3000.jpg,816,1056,cafo,167,399,208,441
img_18_3000.jpg,816,1056,cafo,207,437,242,476
img_18_3000.jpg,816,1056,cafo,276,431,313,474
img_19_1000.jpg,816,1056,cafo,406,343,552,440
img_19_2000.jpg,816,1056,cafo,407,437,484,483
img_19_3000.jpg,816,1056,cafo,412,465,458,507
img_1_1000.jpg,816,1056,cafo,39,268,454,523
img_1_2000.jpg,816,1056,cafo,209,399,433,526
img_1_3000.jpg,816,1056,cafo,273,441,427,538
img_20_1000.jpg,816,1056,cafo,278,191,524,348
img_20_2000.jpg,816,1056,cafo,350,355,471,450
img_20_3000.jpg,816,1056,cafo,366,413,449,472
img_21_1000.jpg,816,1056,cafo,53,451,289,690
img_21_1000.jpg,816,1056,cafo,436,395,532,496
img_21_2000.jpg,816,1056,cafo,230,488,353,608
img_21_2000.jpg,816,1056,cafo,423,458,477,515
img_21_3000.jpg,816,1056,cafo,294,505,369,581
img_21_3000.jpg,816,1056,cafo,417,481,452,519
img_22_1000.jpg,816,1056,cafo,367,63,507,159
img_22_2000.jpg,816,1056,cafo,333,62,412,159
img_22_2000.jpg,816,1056,cafo,415,52,488,164
img_22_2000.jpg,816,1056,cafo,389,295,470,351
img_22_3000.jpg,816,1056,cafo,354,215,412,284
img_22_3000.jpg,816,1056,cafo,409,208,464,281
img_22_3000.jpg,816,1056,cafo,393,370,451,408
img_23_1000.jpg,816,1056,cafo,1,670,88,770
img_23_2000.jpg,816,1056,cafo,174,597,254,652
img_23_2000.jpg,816,1056,cafo,108,674,166,724
img_23_2000.jpg,816,1056,cafo,128,760,170,828
img_23_3000.jpg,816,1056,cafo,254,568,296,606
img_23_3000.jpg,816,1056,cafo,207,625,252,659
img_23_3000.jpg,816,1056,cafo,219,685,251,727
img_24_1000.jpg,816,1056,cafo,220,296,408,545
img_24_1000.jpg,816,1056,cafo,378,489,470,687
img_24_1000.jpg,816,1056,cafo,400,196,512,394
img_24_1000.jpg,816,1056,cafo,166,120,399,293
img_24_1000.jpg,816,1056,cafo,726,632,816,761
img_24_1000.jpg,816,1056,cafo,764,459,816,553
img_24_2000.jpg,816,1056,cafo,314,414,401,537
img_24_2000.jpg,816,1056,cafo,392,508,443,612
img_24_2000.jpg,816,1056,cafo,568,580,616,643
img_24_2000.jpg,816,1056,cafo,587,493,648,541
img_24_2000.jpg,816,1056,cafo,401,364,457,461
img_24_2000.jpg,816,1056,cafo,284,331,404,413
img_24_3000.jpg,816,1056,cafo,326,395,412,450
img_24_3000.jpg,816,1056,cafo,406,422,446,484
img_24_3000.jpg,816,1056,cafo,341,449,408,531
img_24_3000.jpg,816,1056,cafo,523,502,568,537
img_24_3000.jpg,816,1056,cafo,514,564,549,603
img_24_3000.jpg,816,1056,cafo,394,512,430,584
img_25_1000.jpg,816,1056,cafo,1,540,81,619
img_25_2000.jpg,816,1056,cafo,194,526,244,574
img_25_3000.jpg,816,1056,cafo,265,525,300,559
img_26_2000.jpg,816,1056,cafo,48,158,116,334
img_26_2000.jpg,816,1056,cafo,1,185,65,241
img_26_3000.jpg,816,1056,cafo,165,290,225,400
img_26_3000.jpg,816,1056,cafo,124,301,179,339
img_27_1000.jpg,816,1056,cafo,144,427,299,580
img_27_1000.jpg,816,1056,cafo,33,694,219,870
img_27_1000.jpg,816,1056,cafo,208,647,350,762
img_27_1000.jpg,816,1056,cafo,91,594,220,706
img_27_2000.jpg,816,1056,cafo,224,613,312,694
img_27_2000.jpg,816,1056,cafo,311,589,374,645
img_27_2000.jpg,816,1056,cafo,246,566,318,615
img_27_2000.jpg,816,1056,cafo,275,481,353,549
img_27_3000.jpg,816,1056,cafo,287,584,343,639
img_27_3000.jpg,816,1056,cafo,303,551,346,585
img_27_3000.jpg,816,1056,cafo,346,574,389,601
img_27_3000.jpg,816,1056,cafo,319,495,373,541
img_28_1000.jpg,816,1056,cafo,133,313,329,408
img_28_1000.jpg,816,1056,cafo,314,248,465,391
img_28_1000.jpg,816,1056,cafo,463,264,574,350
img_28_1000.jpg,816,1056,cafo,1,260,114,381
img_28_2000.jpg,816,1056,cafo,129,383,262,455
img_28_2000.jpg,816,1056,cafo,267,420,373,463
img_28_2000.jpg,816,1056,cafo,362,385,442,459
img_28_2000.jpg,816,1056,cafo,438,398,489,439
img_28_3000.jpg,816,1056,cafo,215,431,315,481
img_28_3000.jpg,816,1056,cafo,309,457,384,485
img_28_3000.jpg,816,1056,cafo,376,434,433,483
img_28_3000.jpg,816,1056,cafo,427,440,464,468
img_29_1000.jpg,816,1056,cafo,244,175,363,294
img_29_1000.jpg,816,1056,cafo,350,135,575,398
img_29_1000.jpg,816,1056,cafo,518,363,681,505
img_29_1000.jpg,816,1056,cafo,695,366,761,439
img_29_1000.jpg,816,1056,cafo,738,471,816,553
img_29_1000.jpg,816,1056,cafo,1,50,136,234
img_29_1000.jpg,816,1056,cafo,120,1,355,85
img_29_2000.jpg,816,1056,cafo,104,286,274,398
img_29_2000.jpg,816,1056,cafo,263,247,382,309
img_29_2000.jpg,816,1056,cafo,327,351,386,410
img_29_2000.jpg,816,1056,cafo,377,327,496,469
img_29_2000.jpg,816,1056,cafo,464,444,551,520
img_29_3000.jpg,816,1056,cafo,200,363,313,448
img_29_3000.jpg,816,1056,cafo,311,340,391,381
img_29_3000.jpg,816,1056,cafo,353,411,396,452
img_29_3000.jpg,816,1056,cafo,382,398,478,483
img_29_3000.jpg,816,1056,cafo,439,473,501,525
img_2_1000.jpg,816,1056,cafo,628,640,812,795
img_2_1000.jpg,816,1056,cafo,484,899,663,1045
img_2_1000.jpg,816,1056,cafo,458,1,594,105
img_2_2000.jpg,816,1056,cafo,432,248,500,310
img_2_2000.jpg,816,1056,cafo,445,720,528,794
img_2_2000.jpg,816,1056,cafo,516,581,618,661
img_2_2000.jpg,816,1056,cafo,496,785,571,860
img_2_2000.jpg,816,1056,cafo,544,841,592,895
img_2_2000.jpg,816,1056,cafo,686,802,738,843
img_2_3000.jpg,816,1056,cafo,480,566,541,615
img_2_3000.jpg,816,1056,cafo,430,345,466,382
img_2_3000.jpg,816,1056,cafo,439,660,481,705
img_2_3000.jpg,816,1056,cafo,471,703,516,752
img_2_3000.jpg,816,1056,cafo,499,738,531,771
img_2_3000.jpg,816,1056,cafo,594,713,627,737
img_30_2000.jpg,816,1056,cafo,257,238,346,297
img_30_2000.jpg,816,1056,cafo,283,120,382,171
img_30_2000.jpg,816,1056,cafo,377,63,463,143
img_30_3000.jpg,816,1056,cafo,326,256,393,288
img_30_3000.jpg,816,1056,cafo,348,23,399,107
img_30_3000.jpg,816,1056,cafo,394,220,443,269
img_30_3000.jpg,816,1056,cafo,306,336,367,373
img_31_1000.jpg,816,1056,cafo,258,140,399,239
img_31_1000.jpg,816,1056,cafo,252,34,352,106
img_31_2000.jpg,816,1056,cafo,331,339,409,382
img_31_2000.jpg,816,1056,cafo,333,284,379,316
img_31_2000.jpg,816,1056,cafo,351,199,389,261
img_31_2000.jpg,816,1056,cafo,454,118,490,181
img_31_2000.jpg,816,1056,cafo,405,5,445,71
img_31_3000.jpg,816,1056,cafo,417,123,482,184
img_31_3000.jpg,816,1056,cafo,414,188,431,220
img_31_3000.jpg,816,1056,cafo,437,253,465,298
img_31_3000.jpg,816,1056,cafo,368,308,393,350
img_31_3000.jpg,816,1056,cafo,354,361,391,387
img_31_3000.jpg,816,1056,cafo,358,401,408,434
img_32_1000.jpg,816,1056,cafo,430,741,607,927
img_32_1000.jpg,816,1056,cafo,481,585,617,703
img_32_1000.jpg,816,1056,cafo,412,506,507,659
img_32_1000.jpg,816,1056,cafo,38,301,134,408
img_32_1000.jpg,816,1056,cafo,93,378,198,491
img_32_1000.jpg,816,1056,cafo,1,538,56,651
img_32_2000.jpg,816,1056,cafo,219,411,274,466
img_32_2000.jpg,816,1056,cafo,243,448,313,507
img_32_2000.jpg,816,1056,cafo,165,511,238,596
img_32_2000.jpg,816,1056,cafo,418,632,509,727
img_32_2000.jpg,816,1056,cafo,448,546,508,616
img_32_2000.jpg,816,1056,cafo,409,508,458,594
img_32_3000.jpg,816,1056,cafo,412,601,475,664
img_32_3000.jpg,816,1056,cafo,287,450,340,523
img_32_3000.jpg,816,1056,cafo,245,515,292,574
img_32_3000.jpg,816,1056,cafo,411,519,440,573
img_32_3000.jpg,816,1056,cafo,438,543,483,585
img_33_1000.jpg,816,1056,cafo,238,786,484,934
img_33_1000.jpg,816,1056,cafo,424,709,620,896
img_33_2000.jpg,816,1056,cafo,420,621,518,726
img_33_2000.jpg,816,1056,cafo,319,659,449,736
img_33_3000.jpg,816,1056,cafo,355,610,434,669
img_33_3000.jpg,816,1056,cafo,415,583,489,659
img_34_1000.jpg,816,1056,cafo,386,94,592,247
img_34_2000.jpg,816,1056,cafo,398,311,514,390
img_34_2000.jpg,816,1056,cafo,111,250,198,332
img_34_3000.jpg,816,1056,cafo,403,381,478,437
img_34_3000.jpg,816,1056,cafo,209,346,267,399
img_35_2000.jpg,816,1056,cafo,451,89,530,163
img_35_2000.jpg,816,1056,cafo,418,1,479,57
img_35_2000.jpg,816,1056,cafo,512,30,562,73
img_35_3000.jpg,816,1056,cafo,403,169,452,216
img_35_3000.jpg,816,1056,cafo,426,235,498,287
img_35_3000.jpg,816,1056,cafo,477,196,526,228
img_36_1000.jpg,816,1056,cafo,299,1,424,150
img_36_1000.jpg,816,1056,cafo,400,159,499,345
img_36_2000.jpg,816,1056,cafo,353,256,416,344
img_36_2000.jpg,816,1056,cafo,406,338,451,445
img_36_3000.jpg,816,1056,cafo,373,341,418,408
img_36_3000.jpg,816,1056,cafo,405,401,444,470
img_37_1000.jpg,816,1056,cafo,1,15,203,286
img_37_1000.jpg,816,1056,cafo,1,1,109,69
img_37_2000.jpg,816,1056,cafo,84,103,186,214
img_37_2000.jpg,816,1056,cafo,195,228,258,298
img_37_2000.jpg,816,1056,cafo,238,264,308,334
img_37_2000.jpg,816,1056,cafo,159,313,284,403
img_37_3000.jpg,816,1056,cafo,192,249,264,320
img_37_3000.jpg,816,1056,cafo,263,332,308,369
img_37_3000.jpg,816,1056,cafo,298,352,341,403
img_37_3000.jpg,816,1056,cafo,242,382,323,453
img_38_1000.jpg,816,1056,cafo,267,538,424,687
img_38_1000.jpg,816,1056,cafo,668,433,793,558
img_38_1000.jpg,816,1056,cafo,556,356,680,491
img_38_1000.jpg,816,1056,cafo,639,256,733,365
img_38_2000.jpg,816,1056,cafo,339,532,415,609
img_38_2000.jpg,816,1056,cafo,532,482,599,541
img_38_2000.jpg,816,1056,cafo,594,416,709,539
img_38_2000.jpg,816,1056,cafo,519,390,567,448
img_38_2000.jpg,816,1056,cafo,481,446,545,511
img_38_3000.jpg,816,1056,cafo,363,531,413,580
img_38_3000.jpg,816,1056,cafo,458,471,500,516
img_38_3000.jpg,816,1056,cafo,495,502,533,537
img_38_3000.jpg,816,1056,cafo,537,452,607,537
img_38_3000.jpg,816,1056,cafo,487,438,517,475
img_39_1000.jpg,816,1056,cafo,379,424,502,538
img_39_1000.jpg,816,1056,cafo,401,601,546,828
img_39_2000.jpg,816,1056,cafo,392,473,461,533
img_39_2000.jpg,816,1056,cafo,405,565,484,685
img_39_2000.jpg,816,1056,cafo,334,765,524,896
img_39_3000.jpg,816,1056,cafo,361,681,481,775
img_39_3000.jpg,816,1056,cafo,396,550,463,634
img_39_3000.jpg,816,1056,cafo,396,491,439,534
img_3_3000.jpg,816,1056,cafo,150,991,196,1021
img_40_1000.jpg,816,1056,cafo,23,290,230,523
img_40_1000.jpg,816,1056,cafo,288,439,436,648
img_40_1000.jpg,816,1056,cafo,534,588,649,749
img_40_1000.jpg,816,1056,cafo,220,211,403,348
img_40_1000.jpg,816,1056,cafo,205,509,306,619
img_40_2000.jpg,816,1056,cafo,213,406,321,521
img_40_2000.jpg,816,1056,cafo,351,482,424,597
img_40_2000.jpg,816,1056,cafo,308,518,354,571
img_40_2000.jpg,816,1056,cafo,469,556,539,640
img_40_2000.jpg,816,1056,cafo,621,460,681,525
img_40_2000.jpg,816,1056,cafo,314,369,404,436
img_40_3000.jpg,816,1056,cafo,276,447,346,531
img_40_3000.jpg,816,1056,cafo,370,496,418,571
img_40_3000.jpg,816,1056,cafo,340,519,375,560
img_40_3000.jpg,816,1056,cafo,449,550,489,597
img_40_3000.jpg,816,1056,cafo,551,482,589,526
img_40_3000.jpg,816,1056,cafo,345,422,407,469
img_41_1000.jpg,816,1056,cafo,458,607,552,844
img_41_1000.jpg,816,1056,cafo,284,588,399,683
img_41_1000.jpg,816,1056,cafo,286,671,411,737
img_41_1000.jpg,816,1056,cafo,200,520,270,694
img_41_1000.jpg,816,1056,cafo,271,515,392,574
img_41_1000.jpg,816,1056,cafo,218,384,328,515
img_41_1000.jpg,816,1056,cafo,74,583,213,694
img_41_1000.jpg,816,1056,cafo,478,149,567,259
img_41_2000.jpg,816,1056,cafo,429,335,480,396
img_41_2000.jpg,816,1056,cafo,440,563,478,686
img_41_2000.jpg,816,1056,cafo,339,559,402,605
img_41_2000.jpg,816,1056,cafo,344,599,411,640
img_41_2000.jpg,816,1056,cafo,304,524,344,610
img_41_2000.jpg,816,1056,cafo,242,555,304,611
img_41_2000.jpg,816,1056,cafo,311,456,365,511
img_41_3000.jpg,816,1056,cafo,342,481,380,518
img_41_3000.jpg,816,1056,cafo,368,527,406,546
img_41_3000.jpg,816,1056,cafo,342,524,365,585
img_41_3000.jpg,816,1056,cafo,303,545,341,582
img_41_3000.jpg,816,1056,cafo,364,548,404,581
img_41_3000.jpg,816,1056,cafo,369,577,415,601
img_41_3000.jpg,816,1056,cafo,427,555,456,635
img_42_1000.jpg,816,1056,cafo,94,947,211,1038
img_42_2000.jpg,816,1056,cafo,249,736,314,786
img_42_2000.jpg,816,1056,cafo,191,461,228,521
img_42_3000.jpg,816,1056,cafo,262,483,287,522
img_42_3000.jpg,816,1056,cafo,302,665,344,698
img_43_1000.jpg,816,1056,cafo,153,568,243,702
img_43_1000.jpg,816,1056,cafo,155,372,255,543
img_43_2000.jpg,816,1056,cafo,273,547,325,613
img_43_2000.jpg,816,1056,cafo,283,457,328,538
img_43_2000.jpg,816,1056,cafo,803,471,816,533
img_43_3000.jpg,816,1056,cafo,323,543,354,586
img_43_3000.jpg,816,1056,cafo,325,484,354,531
img_43_3000.jpg,816,1056,cafo,675,489,704,534
img_45_1000.jpg,816,1056,cafo,365,541,532,711
img_45_1000.jpg,816,1056,cafo,184,402,369,543
img_45_1000.jpg,816,1056,cafo,120,320,363,495
img_45_1000.jpg,816,1056,cafo,1,361,107,545
img_45_1000.jpg,816,1056,cafo,59,284,161,375
img_45_1000.jpg,816,1056,cafo,89,327,204,418
img_45_2000.jpg,816,1056,cafo,161,443,250,536
img_45_2000.jpg,816,1056,cafo,242,411,399,537
img_45_2000.jpg,816,1056,cafo,389,533,474,623
img_45_2000.jpg,816,1056,cafo,537,816,626,906
img_45_3000.jpg,816,1056,cafo,290,446,404,530
img_45_3000.jpg,816,1056,cafo,243,470,313,534
img_45_3000.jpg,816,1056,cafo,390,531,453,589
img_45_3000.jpg,816,1056,cafo,493,722,555,777
img_46_1000.jpg,816,1056,cafo,479,287,813,568
img_46_1000.jpg,816,1056,cafo,743,148,816,244
img_46_1000.jpg,816,1056,cafo,529,162,671,305
img_46_1000.jpg,816,1056,cafo,374,227,542,364
img_46_1000.jpg,816,1056,cafo,396,289,587,466
img_46_1000.jpg,816,1056,cafo,186,348,376,503
img_46_1000.jpg,816,1056,cafo,254,431,413,552
img_46_1000.jpg,816,1056,cafo,319,115,517,269
img_46_1000.jpg,816,1056,cafo,95,235,246,351
img_46_2000.jpg,816,1056,cafo,250,380,320,440
img_46_2000.jpg,816,1056,cafo,362,319,463,398
img_46_2000.jpg,816,1056,cafo,299,437,392,514
img_46_2000.jpg,816,1056,cafo,331,484,406,539
img_46_2000.jpg,816,1056,cafo,405,413,499,494
img_46_2000.jpg,816,1056,cafo,390,378,470,445
img_46_2000.jpg,816,1056,cafo,468,344,545,421
img_46_2000.jpg,816,1056,cafo,451,411,602,543
img_46_2000.jpg,816,1056,cafo,583,335,643,383
img_46_2000.jpg,816,1056,cafo,618,268,674,328
img_46_2000.jpg,816,1056,cafo,719,848,803,934
img_46_3000.jpg,816,1056,cafo,308,428,356,470
img_46_3000.jpg,816,1056,cafo,371,387,450,443
img_46_3000.jpg,816,1056,cafo,393,426,458,472
img_46_3000.jpg,816,1056,cafo,328,466,400,520
img_46_3000.jpg,816,1056,cafo,355,499,405,541
img_46_3000.jpg,816,1056,cafo,402,450,471,506
img_46_3000.jpg,816,1056,cafo,432,446,545,538
img_46_3000.jpg,816,1056,cafo,455,402,495,453
img_46_3000.jpg,816,1056,cafo,521,401,561,433
img_46_3000.jpg,816,1056,cafo,549,357,584,397
img_46_3000.jpg,816,1056,cafo,616,743,669,797
img_47_1000.jpg,816,1056,cafo,337,239,514,402
img_47_1000.jpg,816,1056,cafo,80,121,250,290
img_47_1000.jpg,816,1056,cafo,178,1,437,130
img_47_2000.jpg,816,1056,cafo,308,84,498,193
img_47_2000.jpg,816,1056,cafo,287,238,438,357
img_47_2000.jpg,816,1056,cafo,245,322,329,413
img_47_2000.jpg,816,1056,cafo,359,380,473,458
img_47_2000.jpg,816,1056,cafo,169,85,261,122
img_47_3000.jpg,816,1056,cafo,337,237,469,303
img_47_3000.jpg,816,1056,cafo,326,337,428,410
img_47_3000.jpg,816,1056,cafo,292,389,364,451
img_47_3000.jpg,816,1056,cafo,375,426,453,481
img_48_1000.jpg,816,1056,cafo,534,962,702,1056
img_48_2000.jpg,816,1056,cafo,471,743,574,830
img_48_2000.jpg,816,1056,cafo,492,830,556,887
img_48_2000.jpg,816,1056,cafo,519,905,605,1026
img_48_2000.jpg,816,1056,cafo,633,937,743,1056
img_48_2000.jpg,816,1056,cafo,601,984,664,1056
img_48_2000.jpg,816,1056,cafo,390,912,493,1050
img_48_2000.jpg,816,1056,cafo,403,766,449,830
img_48_2000.jpg,816,1056,cafo,340,888,374,935
img_48_2000.jpg,816,1056,cafo,332,639,392,690
img_48_3000.jpg,816,1056,cafo,448,673,514,734
img_48_3000.jpg,816,1056,cafo,465,734,508,769
img_48_3000.jpg,816,1056,cafo,488,783,536,866
img_48_3000.jpg,816,1056,cafo,564,805,636,898
img_48_3000.jpg,816,1056,cafo,539,838,581,910
img_48_3000.jpg,816,1056,cafo,493,876,589,978
img_48_3000.jpg,816,1056,cafo,399,785,467,882
img_48_3000.jpg,816,1056,cafo,343,880,405,939
img_49_1000.jpg,816,1056,cafo,478,477,731,689
img_49_1000.jpg,816,1056,cafo,562,820,703,1050
img_49_1000.jpg,816,1056,cafo,26,627,131,696
img_49_2000.jpg,816,1056,cafo,605,452,806,577
img_49_2000.jpg,816,1056,cafo,483,670,563,798
img_49_2000.jpg,816,1056,cafo,449,505,568,616
img_49_2000.jpg,816,1056,cafo,216,577,276,613
img_49_3000.jpg,816,1056,cafo,542,476,690,569
img_49_3000.jpg,816,1056,cafo,433,513,519,588
img_49_3000.jpg,816,1056,cafo,457,620,514,710
img_49_3000.jpg,816,1056,cafo,284,559,320,588
img_4_1000.jpg,816,1056,cafo,115,256,258,446
img_4_1000.jpg,816,1056,cafo,187,60,382,190
img_4_1000.jpg,816,1056,cafo,89,172,174,258
img_4_2000.jpg,816,1056,cafo,298,300,394,361
img_4_2000.jpg,816,1056,cafo,245,349,292,390
img_4_2000.jpg,816,1056,cafo,266,388,338,487
img_4_3000.jpg,816,1056,cafo,332,374,401,414
img_4_3000.jpg,816,1056,cafo,304,412,330,434
img_4_3000.jpg,816,1056,cafo,313,433,358,509
img_50_1000.jpg,816,1056,cafo,341,377,496,543
img_50_1000.jpg,816,1056,cafo,382,270,581,441
img_50_1000.jpg,816,1056,cafo,345,197,488,325
img_50_2000.jpg,816,1056,cafo,277,61,466,306
img_50_2000.jpg,816,1056,cafo,382,453,458,543
img_50_2000.jpg,816,1056,cafo,390,400,501,487
img_50_2000.jpg,816,1056,cafo,379,351,448,425
img_50_3000.jpg,816,1056,cafo,319,220,454,386
img_50_3000.jpg,816,1056,cafo,390,399,493,509
img_50_3000.jpg,816,1056,cafo,390,480,430,533
img_51_1000.jpg,816,1056,cafo,229,599,334,782
img_51_2000.jpg,816,1056,cafo,315,562,376,664
img_51_3000.jpg,816,1056,cafo,349,550,386,618
img_52_1000.jpg,816,1056,cafo,325,132,467,447
img_52_2000.jpg,816,1056,cafo,374,330,443,486
img_52_3000.jpg,816,1056,cafo,374,397,428,497
img_53_1000.jpg,816,1056,cafo,555,426,695,613
img_53_1000.jpg,816,1056,cafo,364,689,554,848
img_53_1000.jpg,816,1056,cafo,442,770,644,948
img_53_2000.jpg,816,1056,cafo,487,473,551,569
img_53_2000.jpg,816,1056,cafo,388,612,484,690
img_53_2000.jpg,816,1056,cafo,427,650,525,734
img_53_3000.jpg,816,1056,cafo,454,493,515,558
img_53_3000.jpg,816,1056,cafo,395,582,464,634
img_53_3000.jpg,816,1056,cafo,423,608,489,664
img_54_1000.jpg,816,1056,cafo,495,778,607,982
img_54_1000.jpg,816,1056,cafo,481,377,605,465
img_54_2000.jpg,816,1056,cafo,438,453,513,500
img_54_2000.jpg,816,1056,cafo,455,649,504,752
img_54_2000.jpg,816,1056,cafo,267,791,437,1056
img_54_2000.jpg,816,1056,cafo,151,713,258,919
img_54_3000.jpg,816,1056,cafo,316,696,437,972
img_54_3000.jpg,816,1056,cafo,237,649,308,789
img_54_3000.jpg,816,1056,cafo,434,605,471,685
img_56_2000.jpg,816,1056,cafo,114,531,220,596
img_56_2000.jpg,816,1056,cafo,121,636,195,690
img_56_2000.jpg,816,1056,cafo,87,694,192,730
img_56_3000.jpg,816,1056,cafo,212,523,289,572
img_56_3000.jpg,816,1056,cafo,215,602,268,636
img_56_3000.jpg,816,1056,cafo,181,636,269,661
img_57_1000.jpg,816,1056,cafo,476,650,677,848
img_57_1000.jpg,816,1056,cafo,390,498,591,648
img_57_2000.jpg,816,1056,cafo,399,512,501,589
img_57_2000.jpg,816,1056,cafo,439,590,544,691
img_57_3000.jpg,816,1056,cafo,403,514,471,574
img_57_3000.jpg,816,1056,cafo,429,563,501,634
img_58_1000.jpg,816,1056,cafo,612,414,773,548
img_58_1000.jpg,816,1056,cafo,584,532,717,644
img_58_2000.jpg,816,1056,cafo,508,470,595,546
img_58_2000.jpg,816,1056,cafo,499,526,559,586
img_58_3000.jpg,816,1056,cafo,478,489,532,537
img_58_3000.jpg,816,1056,cafo,468,527,512,568
img_58_3000.jpg,816,1056,cafo,738,165,777,214
img_59_1000.jpg,816,1056,cafo,516,619,725,770
img_59_1000.jpg,816,1056,cafo,348,513,466,620
img_59_2000.jpg,816,1056,cafo,381,516,434,574
img_59_2000.jpg,816,1056,cafo,464,576,563,646
img_59_3000.jpg,816,1056,cafo,445,557,514,607
img_59_3000.jpg,816,1056,cafo,387,524,429,559
img_5_1000.jpg,816,1056,cafo,177,1,339,138
img_5_1000.jpg,816,1056,cafo,245,162,455,403
img_5_2000.jpg,816,1056,cafo,290,257,369,326
img_5_2000.jpg,816,1056,cafo,329,347,431,464
img_5_3000.jpg,816,1056,cafo,332,348,386,397
img_5_3000.jpg,816,1056,cafo,358,407,425,484
img_60_2000.jpg,816,1056,cafo,49,398,137,440
img_60_2000.jpg,816,1056,cafo,626,994,771,1056
img_60_3000.jpg,816,1056,cafo,167,443,228,472
img_60_3000.jpg,816,1056,cafo,559,841,649,890
img_61_1000.jpg,816,1056,cafo,4,193,212,327
img_61_2000.jpg,816,1056,cafo,204,359,318,431
img_61_3000.jpg,816,1056,cafo,276,409,346,457
img_62_1000.jpg,816,1056,cafo,450,291,725,446
img_62_1000.jpg,816,1056,cafo,249,614,425,791
img_62_1000.jpg,816,1056,cafo,429,152,513,246
img_62_2000.jpg,816,1056,cafo,417,336,456,387
img_62_2000.jpg,816,1056,cafo,423,409,570,497
img_62_2000.jpg,816,1056,cafo,334,571,417,666
img_62_3000.jpg,816,1056,cafo,417,400,440,433
img_62_3000.jpg,816,1056,cafo,416,446,520,505
img_62_3000.jpg,816,1056,cafo,362,556,411,614
img_63_1000.jpg,816,1056,cafo,189,607,264,708
img_63_2000.jpg,816,1056,cafo,295,568,343,621
img_63_3000.jpg,816,1056,cafo,332,553,361,589
img_64_1000.jpg,816,1056,cafo,480,453,601,565
img_64_1000.jpg,816,1056,cafo,239,141,431,214
img_64_1000.jpg,816,1056,cafo,74,263,191,335
img_64_2000.jpg,816,1056,cafo,321,331,438,374
img_64_2000.jpg,816,1056,cafo,449,486,507,548
img_64_2000.jpg,816,1056,cafo,243,397,305,431
img_64_3000.jpg,816,1056,cafo,355,398,417,422
img_64_3000.jpg,816,1056,cafo,427,501,481,544
img_64_3000.jpg,816,1056,cafo,295,438,341,471
img_65_1000.jpg,816,1056,cafo,308,740,428,857
img_65_1000.jpg,816,1056,cafo,256,571,356,683
img_65_2000.jpg,816,1056,cafo,328,551,381,608
img_65_2000.jpg,816,1056,cafo,355,632,419,690
img_65_3000.jpg,816,1056,cafo,355,543,389,584
img_65_3000.jpg,816,1056,cafo,374,596,417,640
img_66_1000.jpg,816,1056,cafo,420,258,580,408
img_66_1000.jpg,816,1056,cafo,311,410,456,552
img_66_2000.jpg,816,1056,cafo,359,469,436,544
img_66_2000.jpg,816,1056,cafo,418,388,495,469
img_66_3000.jpg,816,1056,cafo,413,435,467,486
img_66_3000.jpg,816,1056,cafo,375,486,424,540
img_67_2000.jpg,816,1056,cafo,215,76,416,157
img_67_3000.jpg,816,1056,cafo,270,221,427,285
img_68_3000.jpg,816,1056,cafo,319,19,407,77
img_68_3000.jpg,816,1056,cafo,336,63,425,122
img_69_3000.jpg,816,1056,cafo,75,723,157,755
img_69_3000.jpg,816,1056,cafo,79,699,150,730
img_69_3000.jpg,816,1056,cafo,80,683,131,700
img_6_1000.jpg,816,1056,cafo,530,500,630,571
img_6_1000.jpg,816,1056,cafo,166,437,289,511
img_6_1000.jpg,816,1056,cafo,75,587,196,719
img_6_2000.jpg,816,1056,cafo,469,516,519,550
img_6_2000.jpg,816,1056,cafo,287,485,348,524
img_6_2000.jpg,816,1056,cafo,242,559,302,622
img_6_3000.jpg,816,1056,cafo,293,547,343,593
img_6_3000.jpg,816,1056,cafo,326,498,370,523
img_6_3000.jpg,816,1056,cafo,448,519,484,547
img_70_2000.jpg,816,1056,cafo,104,685,174,733
img_70_2000.jpg,816,1056,cafo,1,658,64,734
img_70_3000.jpg,816,1056,cafo,205,632,253,664
img_70_3000.jpg,816,1056,cafo,119,614,177,664
img_70_3000.jpg,816,1056,cafo,24,543,115,614
img_71_2000.jpg,816,1056,cafo,611,793,703,889
img_71_3000.jpg,816,1056,cafo,544,707,607,766
img_72_2000.jpg,816,1056,cafo,1,822,88,963
img_72_2000.jpg,816,1056,cafo,1,906,38,997
img_72_3000.jpg,816,1056,cafo,128,722,193,820
img_72_3000.jpg,816,1056,cafo,70,713,165,840
img_72_3000.jpg,816,1056,cafo,42,735,129,860
img_72_3000.jpg,816,1056,cafo,6,755,95,882
img_72_3000.jpg,816,1056,cafo,1,781,64,902
img_72_3000.jpg,816,1056,cafo,1,894,29,941
img_75_2000.jpg,816,1056,cafo,164,725,207,852
img_75_2000.jpg,816,1056,cafo,234,734,278,886
img_75_2000.jpg,816,1056,cafo,307,734,353,916
img_75_2000.jpg,816,1056,cafo,382,819,417,941
img_75_2000.jpg,816,1056,cafo,440,849,467,949
img_75_3000.jpg,816,1056,cafo,246,657,277,745
img_75_3000.jpg,816,1056,cafo,293,662,321,765
img_75_3000.jpg,816,1056,cafo,340,664,373,788
img_75_3000.jpg,816,1056,cafo,389,722,417,803
img_75_3000.jpg,816,1056,cafo,425,741,449,809
img_76_1000.jpg,816,1056,cafo,44,40,134,290
img_76_1000.jpg,816,1056,cafo,189,48,281,350
img_76_1000.jpg,816,1056,cafo,329,49,423,421
img_76_1000.jpg,816,1056,cafo,473,212,556,470
img_76_1000.jpg,816,1056,cafo,592,280,651,469
img_76_1000.jpg,816,1056,cafo,218,415,351,544
img_76_2000.jpg,816,1056,cafo,227,282,270,405
img_76_2000.jpg,816,1056,cafo,301,285,344,440
img_76_2000.jpg,816,1056,cafo,366,287,415,478
img_76_2000.jpg,816,1056,cafo,445,373,480,495
img_76_2000.jpg,816,1056,cafo,502,405,529,498
img_76_2000.jpg,816,1056,cafo,312,470,379,535
img_76_3000.jpg,816,1056,cafo,288,364,315,450
img_76_3000.jpg,816,1056,cafo,338,368,362,471
img_76_3000.jpg,816,1056,cafo,381,368,411,491
img_76_3000.jpg,816,1056,cafo,432,423,459,510
img_76_3000.jpg,816,1056,cafo,474,448,488,511
img_76_3000.jpg,816,1056,cafo,346,490,388,533
img_77_1000.jpg,816,1056,cafo,506,286,615,448
img_77_2000.jpg,816,1056,cafo,458,405,512,483
img_77_2000.jpg,816,1056,cafo,605,402,651,463
img_77_3000.jpg,816,1056,cafo,439,446,476,498
img_77_3000.jpg,816,1056,cafo,537,444,569,485
img_77_3000.jpg,816,1056,cafo,12,480,99,557
img_77_3000.jpg,816,1056,cafo,1,518,64,585
img_78_2000.jpg,816,1056,cafo,357,826,394,882
img_78_3000.jpg,816,1056,cafo,296,933,328,975
img_78_3000.jpg,816,1056,cafo,373,726,401,764
img_80_1000.jpg,816,1056,cafo,68,824,200,915
img_80_2000.jpg,816,1056,cafo,236,674,306,727
img_80_3000.jpg,816,1056,cafo,293,626,342,663
img_82_2000.jpg,816,1056,cafo,393,462,453,535
img_82_2000.jpg,816,1056,cafo,461,383,507,453
img_82_2000.jpg,816,1056,cafo,634,438,679,509
img_82_2000.jpg,816,1056,cafo,509,291,554,335
img_82_3000.jpg,816,1056,cafo,395,486,438,533
img_82_3000.jpg,816,1056,cafo,444,432,475,476
img_82_3000.jpg,816,1056,cafo,558,470,590,515
img_82_3000.jpg,816,1056,cafo,476,371,506,399
img_83_2000.jpg,816,1056,cafo,433,110,502,183
img_83_3000.jpg,816,1056,cafo,425,248,471,296
img_83_3000.jpg,816,1056,cafo,75,610,150,747
img_84_2000.jpg,816,1056,cafo,148,577,291,648
img_84_3000.jpg,816,1056,cafo,234,562,329,609
img_86_1000.jpg,816,1056,cafo,273,173,425,578
img_86_2000.jpg,816,1056,cafo,340,349,424,552
img_86_3000.jpg,816,1056,cafo,363,407,413,547
img_87_1000.jpg,816,1056,cafo,8,752,175,836
img_87_1000.jpg,816,1056,cafo,300,357,417,494
img_87_2000.jpg,816,1056,cafo,206,639,291,694
img_87_2000.jpg,816,1056,cafo,354,440,414,510
img_87_3000.jpg,816,1056,cafo,370,472,413,524
img_87_3000.jpg,816,1056,cafo,274,600,334,638
img_88_1000.jpg,816,1056,cafo,348,374,552,507
img_88_1000.jpg,816,1056,cafo,349,526,524,619
img_88_2000.jpg,816,1056,cafo,379,452,479,516
img_88_2000.jpg,816,1056,cafo,379,528,464,575
img_88_3000.jpg,816,1056,cafo,387,480,456,519
img_88_3000.jpg,816,1056,cafo,390,527,445,559
img_89_1000.jpg,816,1056,cafo,299,522,523,626
img_89_2000.jpg,816,1056,cafo,352,522,464,577
img_89_3000.jpg,816,1056,cafo,379,527,448,564
img_8_1000.jpg,816,1056,cafo,313,459,456,623
img_8_2000.jpg,816,1056,cafo,364,491,430,575
img_8_3000.jpg,816,1056,cafo,377,501,424,561
img_90_1000.jpg,816,1056,cafo,364,518,681,908
img_90_2000.jpg,816,1056,cafo,387,518,548,714
img_90_3000.jpg,816,1056,cafo,392,519,500,652
img_92_2000.jpg,816,1056,cafo,130,758,278,940
img_92_2000.jpg,816,1056,cafo,90,609,192,685
img_92_3000.jpg,816,1056,cafo,221,681,323,806
img_92_3000.jpg,816,1056,cafo,196,582,261,635
img_92_3000.jpg,816,1056,cafo,61,677,142,730
img_93_1000.jpg,816,1056,cafo,197,1,349,132
img_93_1000.jpg,816,1056,cafo,48,1,156,131
img_93_1000.jpg,816,1056,cafo,111,130,193,270
img_93_1000.jpg,816,1056,cafo,8,148,108,298
img_93_1000.jpg,816,1056,cafo,181,336,261,444
img_93_1000.jpg,816,1056,cafo,468,450,588,601
img_93_2000.jpg,816,1056,cafo,228,252,283,330
img_93_2000.jpg,816,1056,cafo,258,327,298,396
img_93_2000.jpg,816,1056,cafo,207,337,254,412
img_93_2000.jpg,816,1056,cafo,294,433,336,487
img_93_2000.jpg,816,1056,cafo,439,488,496,565
img_93_2000.jpg,816,1056,cafo,301,259,378,330
img_93_3000.jpg,816,1056,cafo,339,349,388,396
img_93_3000.jpg,816,1056,cafo,287,345,323,398
img_93_3000.jpg,816,1056,cafo,308,400,336,444
img_93_3000.jpg,816,1056,cafo,273,403,305,449
img_93_3000.jpg,816,1056,cafo,333,463,358,500
img_93_3000.jpg,816,1056,cafo,429,500,467,550
img_94_2000.jpg,816,1056,cafo,16,400,76,473
img_94_3000.jpg,816,1056,cafo,146,445,187,490
img_97_1000.jpg,816,1056,cafo,731,847,816,965
img_97_2000.jpg,816,1056,cafo,570,690,627,746
img_97_2000.jpg,816,1056,cafo,688,449,740,506
img_97_3000.jpg,816,1056,cafo,594,478,629,511
img_97_3000.jpg,816,1056,cafo,516,634,557,675
img_99_1000.jpg,816,1056,cafo,276,920,441,970
img_99_2000.jpg,816,1056,cafo,343,726,423,750
img_99_3000.jpg,816,1056,cafo,364,658,419,677
img_9_1000.jpg,816,1056,cafo,1,226,52,330
img_9_2000.jpg,816,1056,cafo,186,374,230,426
img_9_2000.jpg,816,1056,cafo,103,484,176,539
img_9_2000.jpg,816,1056,cafo,126,459,175,495
img_9_2000.jpg,816,1056,cafo,140,411,169,451
img_9_3000.jpg,816,1056,cafo,259,428,291,461
img_9_3000.jpg,816,1056,cafo,229,451,251,477
img_9_3000.jpg,816,1056,cafo,220,482,253,503
img_9_3000.jpg,816,1056,cafo,205,498,251,536
